{"cameraMode":{"drawMode":0,"name":"Shaded","section":"Shading Mode"},"sceneLighting":false,"audioPlay":false,"sceneViewState":{"m_AlwaysRefresh":false,"showFog":true,"showSkybox":false,"showFlares":true,"showImageEffects":true,"showParticleSystems":true,"showVisualEffectGraphs":true,"m_FxEnabled":true},"in2DMode":false,"pivot":{"x":429.9199523925781,"y":16.473787307739259,"z":756.283935546875},"rotation":{"x":0.0015508787473663688,"y":0.9922806620597839,"z":-0.02642437443137169,"w":0.1259615421295166},"size":1.9577229022979737,"orthographic":false}