{"cameraMode":{"drawMode":0,"name":"Shaded","section":"Shading Mode"},"sceneLighting":false,"audioPlay":false,"sceneViewState":{"m_AlwaysRefresh":false,"showFog":true,"showSkybox":false,"showFlares":true,"showImageEffects":true,"showParticleSystems":true,"showVisualEffectGraphs":true,"m_FxEnabled":true},"in2DMode":false,"pivot":{"x":0.3952609598636627,"y":0.3695574998855591,"z":0.027649998664855958},"rotation":{"x":0.049972496926784518,"y":0.9330939054489136,"z":-0.31748056411743166,"w":0.16416534781455995},"size":0.8525026440620422,"orthographic":false}